Compound,CAS,inchikey,CID,Pretty Name,LaTeX,Notes,Aroma,Chemical Family,Health,Group,RI Lab,RI Lit,Source
1-Hexanol,111-27-3,ZSIAUFGUXNUGDI-UHFFFAOYSA-N,NA,1-Hexanol,NA,NA,"resin, flower, green",Aliphatic Alcohol,NA,NA,NA,867,NIST
"1-Hexanol, 2-ethyl-",104-76-7,YIWUKEYIRIRTPP-UHFFFAOYSA-N,7720,2-Ethylhexanol,NA,NA,"floral, rose, green, sweet",Aliphatic Alcohol,NA,17-18min,1028,1026.3,NIST
1-Nonanol,143-08-8,ZWRUINPWMLAQRD-UHFFFAOYSA-N,8914,1-Nonanol,NA,NA,"fatty, green, orange",Aliphatic Alcohol,NA,21-22min,1171,1169.2,NIST
1-Octanol,111-87-5,KBPLFHHGFOOTCA-UHFFFAOYSA-N,957,1-Octanol,NA,NA,"burnt, chemical, green, mushroom, metal",Aliphatic Alcohol,NA,18-19min,1070,1070,NIST
"1,2-Cyclopentanedione",3008-40-0,XZDMGEBEHZDGES-UHFFFAOYSA-N,543698,"1,2-Cyclooctanedione",NA,NA,NA,Cyclic ketone,NA,23-24min,NA,NA,NA
13 (DCSE),NA,NA,NA,NA,NA,NA,NA,NA,NA,NA,NA,NA,NA
151,NA,NA,NA,NA,NA,NA,NA,NA,NA,24-25min,NA,NA,NA
168,NA,NA,NA,NA,NA,NA,NA,NA,NA,29-30min,NA,NA,NA
197,NA,NA,NA,NA,NA,NA,NA,NA,NA,35-36min,NA,NA,NA
"1H-Pyrrole, 2-methyl-",636-41-9,TVCXVUHHCUYLGX-UHFFFAOYSA-N,NA,2-Methyl-1H-pyrrole,NA,NA,NA,NA,NA,NA,NA,NA,NA
"2-Cyclopenten-1-one, 2-hydroxy-",10493-98-8,WOPKYMRPOKFYNI-UHFFFAOYSA-N,NA,2-Hydroxycyclopent-2-en-1-one,NA,NA,"maple, caramel",NA,NA,NA,NA,NA,NA
"2-Cyclopentene-1,4-dione",930-60-9,XFNJVKMNNVCYEK-UHFFFAOYSA-N,6861,"2-Cyclopentene-1,4-dione",NA,NA,NA,Cyclic ketone,NA,19-20min,NA,880,NIST
2-Furanmethanol,98-00-0,XPFVYQJUAUNWIW-UHFFFAOYSA-N,7361,Fufuryl alcohol,NA,Fufuryl alcohol,"bitter, caramel, coffee, burnt",Oxygenated Heterocycle,NA,20-21min,852,857,NIST
2-Hydroxy-gamma-butyrolactone,19444-84-9,FWIBCWKHNZBDLS-UHFFFAOYSA-N,545831,α-Hydroxy-gamma-butyrolactone,$\alpha$-Hydroxy-gamma-butyrolactone,NA,NA,Oxygenated heterocycle,NA,31-32min,NA,NA,NA
2-Methoxy-4-vinylphenol,7786-61-0,YOMSJEATGXXYPX-UHFFFAOYSA-N,332,p-Vinylguaiacol,$\mathit{p}$-Vinylguaiacol,p-Vinylguaiacol,"spicy, smoky, nutty, clove, curry",Cyclic alcohol,"anti inflammatory, pheremone",31-32min,NA,1309,Adams
"2-Propenoic acid, 2-methyl-, butyl ester",97-88-1,SOGAXMICEFXMKE-UHFFFAOYSA-N,NA,Butyl methacrylate,NA,NA,NA,NA,NA,NA,NA,NA,NA
2(5H)-Furanone,497-23-4,VIHAEDVKXSOUAT-UHFFFAOYSA-N,10341,2(5H)-Furanone,NA,NA,buttery,Oxygenated Heterocycle,NA,22-23min,915,NA,NA
22 (DCSE),NA,NA,NA,NA,NA,NA,NA,NA,NA,NA,NA,NA,NA
24,NA,NA,NA,NA,NA,NA,NA,NA,NA,NA,NA,NA,NA
"3-Penten-2-one, 4-methyl-",141-79-7,SHOJXDKTYKFBRD-UHFFFAOYSA-N,8858,Mesityl oxide,NA,Mesityl oxide,"acrylic, earthy, sweet, chemical",Aliphatic ketone,NA,8-9 min,803,NA,NA
"3,7-Octadiene-2,6-diol, 2,6-dimethyl-",13741-21-4,QEOHJVNDENHRCH-UHFFFAOYSA-N,NA,"2,6-dimethyl-3,7-Octadiene-2,6-diol",NA,NA,NA,NA,NA,NA,NA,NA,NA
4-Cyanocyclohexene,100-45-8,GYBNBQFUPDFFQX-UHFFFAOYSA-N,66013,4-Cyanocyclohexene,NA,NA,NA,Nitrogen,NA,18-19min,NA,NA,NA
5-methylfurfural,620-02-0,NA,12097,5-Methylfurfural,NA,NA,"almond, caramel, maple, burnt sugar",Oxygenated heterocycle,NA,18-19min,964,964,NIST
9 (DCSE),NA,NA,NA,NA,NA,NA,NA,NA,NA,NA,NA,NA,NA
Acetophenone,98-86-2,KWOLFJPFCHCOCG-UHFFFAOYSA-N,7410,Acetophenone,NA,NA,"floral, almond, sweet, must",Cyclic Ketone,antibacterial,20-21min,1065,1066,NIST
Benzaldehyde,100-52-7,HUMNYLRZRPPJDN-UHFFFAOYSA-N,240,Benzaldehyde,NA,NA,"almond, cherry, burnt sugar",Cyclic Aldehyde,"antibacterial, cancer, etc",17-18min,960,958,NIST
Benzeneacetaldehyde,122-78-1,DTUQWGWMVIHBKE-UHFFFAOYSA-N,998,Phenylacetaldehyde,NA,Phenylacetaldehyde,"floral, honey, sweet",Cyclic Aldehyde,NA,20-21min,1046,1043,NIST
Benzothiazole,95-16-9,IOJUPLGTWVMSFF-UHFFFAOYSA-N,7222,Benzothiazole,NA,NA,"rubbery, sulfury, vegetal, gasoline",Sulfur,NA,27-28min,1223,1224,NIST
Benzyl Alcohol,100-51-6,WVDDGKGOMKODPV-UHFFFAOYSA-N,244,Benzyl alcohol,NA,NA,"fruity, floral, sweet",Cyclic Alcohol,antiseptic,25-26min,1039,1033,NIST
Benzyl nitrile,140-29-4,SUSQOBVLVYHIEX-UHFFFAOYSA-N,NA,Benzyl nitrile,NA,NA,NA,NA,NA,NA,NA,1140,NIST
beta-Pinene,127-91-3,WTARULDDTDQWMU-UHFFFAOYSA-N,14896,β-Pinene,$\beta$-Pinene,NA,"pine, hay, green, woody, resin",Monoterpene Hydrocarbon,"anti inflammatory, -septic, herbicide",DCSE,977,975,NIST
Butanoic acid,107-92-6,FERIUCNNQQJTOY-UHFFFAOYSA-N,NA,Butanoic acid,NA,NA,"rancid, cheese, sweat",NA,NA,NA,NA,804,NIST
"Butanoic acid, 3-hexenyl ester, (Z)-",16491-36-4,NA,NA,"cis-Butyric acid, 3-hexenyl ester",NA,NA,"wine, green",NA,NA,NA,NA,1186.4,NIST
Butanoic acid<2-methyl->,116-53-0,WLAMNBDJUVNPJU-UHFFFAOYSA-N,NA,2-methyl-Butanoic acid,NA,NA,"cheese, sweat",NA,NA,NA,NA,846,NIST
Butylated Hydroxytoluene,128-37-0,NA,NA,Butylated hydroxytoluene,NA,NA,"phenolic, camphor",NA,NA,NA,NA,1533.3,NIST
Butyrolactone,96-48-0,YEJRWHAVMIAJKC-UHFFFAOYSA-N,7302,ɣ-Butyrolactone,$\gamma$-Butyrolactone,Hydroxybutanoic acid lactone<4->,"caramel, fatty, sweet",Oxygenated Heterocycle,NA,20-21min,NA,904,Adams
Cadinene<delta->,483-76-1,YUSHFLBKQQILNV-UHFFFAOYSA-N,NA,δ-Cadinene,$\delta$-Cadinene,NA,"thyme, medicine, wood",NA,NA,NA,NA,1521,NIST
cis-3-Hexenyl isovalerate,35154-45-1,NA,NA,cis-3-Hexenyl isovalerate,NA,NA,"fresh, green, apple, fruity, tropical, pineapple, dirty",NA,NA,NA,NA,1238,NIST
cis-Linalool oxide (furanoid),5989-33-3,BRHDDEIRQPDPMG-UHFFFAOYSA-N,NA,cis-Linalool oxide (furanoid),NA,NA,"earthy, floral, sweet, woody",NA,NA,NA,NA,1075,NIST
"Cyclohexanone, 3,3,5-trimethyl-",873-94-9,POSWICCRDBKBMH-UHFFFAOYSA-N,13398,Dihydroisophorone,NA,Dihydroisophorone,NA,Cyclic Ketone,NA,14-15min,NA,NA,NA
Cyclopentanone,120-92-3,BGTOWKSIORTVQH-UHFFFAOYSA-N,8452,Cyclopentanone,NA,Cyclopentanone,minty,Cyclic Ketone,NA,9-10min,NA,NA,NA
Dodecanoic acid,143-07-7,POULHZVOKOAJMA-UHFFFAOYSA-N,NA,Dodecanoic acid,NA,NA,"mild, fatty, coconut, bay oil, metal",NA,NA,NA,NA,1570,NIST
"Ethanol, 2-phenoxy-",122-99-6,QCDWFXQBSFUVSP-UHFFFAOYSA-N,31236,2-Phenoxyethanol,NA,Rose ether,"rose, balsam, cinnamon, floral, phenolic",Cyclic alcohol,NA,30-31min,NA,1221,NIST
Ethyl hexanoic acid<2->,149-57-5,WWZKQHOCKIZLMA-UHFFFAOYSA-N,379,2-Ethylhexanoic acid,NA,12.3,NA,Acid,NA,27-28min,1124,1116.7,NIST
Ethylbenzene,100-41-4,YNQLUTRBYVCPMQ-UHFFFAOYSA-N,7500,Phenylethane,NA,NA,NA,Hydrocarbon,NA,7-8min,859,868,NIST
"Farnesene<(E,E)-alpha->",502-61-4,CXENHBSYCFFKJS-VDQVFBMKSA-N,NA,"(E,E)-α-Farnesene","($\mathit{E,E}$)-$\alpha$-Farnesene",NA,"woody, sweet, green, floral",NA,NA,NA,NA,1506,NIST
Fokienol,33440-00-5,NA,NA,NA,NA,NA,NA,NA,NA,NA,NA,NA,NA
"Formamide, N,N-dibutyl-",761-65-9,NZMAJUHVSZBJHL-UHFFFAOYSA-N,12975,"N,N-Dibutylformamide",NA,NA,NA,Nitrogen,NA,NA,NA,NA,NA
Furfural,98-01-1,HYBBIBNJHNGZAN-UHFFFAOYSA-N,7362,Furfural,NA,NA,"almond, bread, sweet",Oxygenated heterocycle,NA,16-17min,832,830,NIST
Heptanal,111-71-7,FXHGMKSSBGDXIY-UHFFFAOYSA-N,8130,Heptanal,NA,4.98,"fatty, green, rancid",Aliphatic Aldehyde,NA,9-10min,902,904,NIST
Heptanoic acid,111-14-8,MNWFXJYAOYHMED-UHFFFAOYSA-N,8094,Heptanoic acid,NA,NA,"cheesy, sour, rancid",Acid,NA,27-28min,1079,NA,NA
"Heptanol<2,6-dimethyl-2->",13254-34-7,HGDVHRITTGWMJK-UHFFFAOYSA-N,NA,"2,6-Dimethyl-2-heptanol",NA,Freesia heptanol,"fresh, floral, lavender, woody, citrus, herbal",NA,NA,NA,NA,NA,NA
Hepten-2-one<6-methyl-5->,110-93-0,NA,9862,6-Methyl-5-hepten-2-one,NA,7.25 Sulcatone,"green, musty, pepper, mushroom, rubber",Aliphatic Ketone,NA,13-14min,987,980,NIST
Hexadecanol<N->,36653-82-4,BXWNKGSJHAJOGX-UHFFFAOYSA-N,2682,1-Hexadecanol,NA,NA,"floral, waxy",Alcohol,NA,DCSE,1883,1879,NIST
Hexanal,66-25-1,JARKCYVAAOWBJS-UHFFFAOYSA-N,6184,Hexanal,NA,3.19,"green, fatty, fruity",Aliphatic Aldehyde,"antibacterial, salmonella, etc",7-8min,801,803,NIST
Hexanoic acid,142-62-1,FUZZWVXGSFPDMH-UHFFFAOYSA-N,8892,Hexanoic acid,NA,6.84,"cheesy, fatty",Acid,NA,24-25min,997,1008,NIST
Hexenol<2E->,928-95-0,ZCHHRLHTBGRGOT-SNAWJCMRSA-N,NA,(E)-2-Hexen-1-ol,($\mathit{E}$)-2-Hexen-1-ol,NA,"green, leaf, walnut",NA,NA,NA,NA,852,NIST
Hexenyl acetate<3Z->,3681-71-8,NA,5363388,(3Z)-Hexenyl acetate,(3$\mathit{Z}$)-Hexenyl acetate,NA,"green, fruity, sweet, banana",Ester,NA,DCSE,1005,NA,NA
Hexenyl hexenoate<3Z->,31501-11-8,NA,5352543,(3Z)-Hexenyl hexanoate,(3$\mathit{Z}$)-Hexenyl hexanoate,NA,"fruit, prune",Ester,NA,NA,NA,NA,NA
Indole,120-72-9,SIKJAQJRHWYJAI-UHFFFAOYSA-N,798,Indole,NA,NA,"concentrated = fecal, animal; dilute = sweet, floral",Nitrogen,"antibacterial, carcinogenic, etc",35-36min,1305,1290,NIST
Isovaleric acid,503-74-2,GWYFCOCPABKNJV-UHFFFAOYSA-N,10430,Isovaleric acid,NA,3.66,"sour, cheesy, rancid",Acid,NA,21-22min,849,834,NIST
Levoglucosenone,37112-31-5,HITOXZPZGPXYHY-UJURSFKZSA-N,699486,Levoglucosenone,NA,NA,NA,Oxygenated Heterocycle,NA,27-28min,NA,NA,NA
Linalool,78-70-6,CDOSHBSSFJOMGT-UHFFFAOYSA-N,NA,Linalool,NA,NA,"flower, lavender",NA,NA,NA,NA,1099,NIST
Linalool oxide<cis->(pyanoid),14009-71-3,BCTBAGTXFYWYMW-UHFFFAOYSA-N,NA,Linalool oxide pyranoside,NA,NA,"citrus, green",NA,NA,NA,NA,1175,NIST
Linalool oxide<dehydroxy-trans->,54750-70-8,XIGFNCYVSHOLIF-VHSXEESVSA-N,6429213,trans-Dehydroxylinalool oxide,NA,7.52 E-Herboxide,"herbal, green, terpene",Oxygenated Monoterpene,NA,9-10min,992,NA,NA
Methyl dihydrojasmonate<cis->,39647-11-5,KVWWIYGFBYDJQC-MNOVXSKESA-N,1738122,cis-Methyl dihydrojasmonate,$\mathit{cis}$-Methyl dihydrojasmonate,34.99,"jasmine, floral, green",Cyclic Ester,NA,33-34min,1655,NA,NA
Myrcene,123-35-3,UAHWPYUMFXYFJY-UHFFFAOYSA-N,NA,beta-Myrcene,$\beta$-Myrcene,NA,"balsamic, must, spice",NA,NA,NA,NA,990,NIST
n-Decanoic acid,334-48-5,GHVNFZFCNZKVNT-UHFFFAOYSA-N,2969,n-Decanoic acid,NA,NA,"fatty, sour, rancid",Acid,antibacterial,33-34min,1366,1380,NIST
n-Hexadecanoic acid,57-10-3,IPCSVZSSVZVIGE-UHFFFAOYSA-N,985,n-Hexadecanoic acid,NA,Palmitic acid,"fatty, waxy",Acid,NA,41-44min,1958,1975,NIST
Nonanal<N->,124-19-6,GYHFUZHODSMOHU-UHFFFAOYSA-N,31289,1-Nonanal,NA,11.51,"fruity, fatty, citrus, green",Aliphatic Aldehyde,"antibacterial, carcinogenic, etc",14-15min,1104,1100,NIST
Nonanoic acid,112-05-0,FBUKVWPVBMHYJY-UHFFFAOYSA-N,8158,n-Nonanoic acid,NA,NA,"cheesy, fatty, waxy, green",Acid,NA,31-32min,1270,1281,NIST
o-Hydroxybiphenyl,90-43-7,NA,NA,o-Hydroxybiphenyl,$\mathit{o}$-Hydroxybiphenyl,NA,NA,NA,NA,NA,NA,NA,NA
Ocimene<(E)-beta->,3379-61-1,NA,NA,(E)-β-Ocimene,$(E)$-$\beta$-Ocimene,9.42,"citrus, green, terpene",Monoterpene Hydrocarbon,NA,10-11min,NA,1044,Adams
Ocimene<(Z)-beta->,3338-55-4,IHPKGUQCSIINRJ-NTMALXAHSA-N,NA,(Z)-β-Ocimene,$(Z)$-$\beta$-Ocimene,NA,"citrus, herbal, floral",NA,NA,NA,NA,1036,NIST
Ocimene<allo->,3016-19-1,GQVMHMFBVWSSPF-SOYUKNQTSA-N,NA,"(E,E)-Allo-ocimene","$(E,E)$-Allo-ocimene",NA,"terpenic, sweet, fresh, floral",NA,NA,NA,NA,NA,NA
Octadecanol<N->,112-92-5,GLDOVTGHNKAZLK-UHFFFAOYSA-N,8221,1-Octadecanol,NA,NA,oily,Alcohol,NA,DCSE,NA,2077,Adams
Octanal,124-13-0,NUJGJRNETVAIRJ-UHFFFAOYSA-N,454,n-Octanal,NA,NA,"citrus, fatty, green, lemon",Aliphatic Aldehyde,NA,11-12min,1002,1001,NIST
Octanoic acid,124-07-2,WWZKQHOCKIZLMA-UHFFFAOYSA-N,379,n-Octanoic acid,NA,14.37 Capyrlic acid,"cheesy, fatty, waxy",Acid,"antibacterial, septic",29-30min,1174,1175.9,NIST
Octen-3-one<1->,4312-99-6,KLTVSWGXIAYTHO-UHFFFAOYSA-N,61346,1-Octen-3-one,NA,NA,"earthy, herbal, mushroom, metal",Ketone,NA,DCSE,NA,978,J Phys Chem
p-Xylene,106-42-3,URLKBWYHVLBVBO-UHFFFAOYSA-N,7809,p-Xylene,$\mathit{p}$-Xylene,NA,sweet,Hydrocarbon,NA,7-8min,867,NA,NA
"Pentane, 1-nitro-",628-05-7,BVALZCVRLDMXOQ-UHFFFAOYSA-N,220639,1-Nitropentane,NA,NA,NA,Nitrogen containing,NA,DCSE,NA,NA,NA
Pentanoic acid,109-52-4,NQPDZGIKBAWPEJ-UHFFFAOYSA-N,7991,n-Pentanoic acid,NA,Valeric acid,"rancid, sweaty, animal",Acid,NA,22-23min,NA,893,NIST
Pentyl furan<2->,3777-69-3,YVBAUDVGOFCUSG-UHFFFAOYSA-N,19602,2-Pentyl furan,NA,7.34,"beany, earthy, vegetal, buttery",Oxygenated heterocycle,NA,10-11min,NA,984,Adams
Phenol,108-95-2,ISWSIDIOOBJBQZ-UHFFFAOYSA-N,20488062,Phenol,NA,NA,"phenolic, plastic",Cyclic Alcohol,antibacterial etc,28-29min,981,NA,NA
"Phenol, 2,4-bis(1,1-dimethylethyl)-",96-76-4,ICKWICRCANNIBI-UHFFFAOYSA-N,NA,"2,4-Di-tert-butylphenol",NA,NA,NA,NA,NA,NA,NA,1513,NIST
"Phenol, p-tert-butyl-",98-54-4,QHPQWRBYOIRBIT-UHFFFAOYSA-N,NA,p-tert-Butylphenol,$p$-tert-Butylphenol,NA,leathery,NA,NA,NA,NA,NA,NA
Phenylethyl Alcohol,60-12-8,WRMNZCZEMHIOCP-UHFFFAOYSA-N,NA,Phenethyl alcohol,NA,NA,"honey, spice, rose, lilac",NA,NA,NA,NA,1109,NIST
"Propanoic acid, 2-methyl-",79-31-2,KQNPFQTWMSNSAP-UHFFFAOYSA-N,NA,Isobutyric acid,NA,NA,"rancid butter, cheese",NA,NA,NA,NA,785,NIST
"Propanoic acid, 2-methyl-, 3-hydroxy-2,4,4-trimethylpentyl ester",74367-34-3,WXFRFCWHHBELIH-UHFFFAOYSA-N,551387,"(3-hydroxy-2,4,4-trimethylpentyl) 2-methylpropanoate",NA,pretty name is IUPAC name,NA,Aliphatic ester,NA,25-26min,NA,1387,NIST
Terpinene<gamma->,99-85-4,YKFLAYDHMOASIY-UHFFFAOYSA-N,7461,ɣ-Terpinene,$\gamma$-Terpinene,NA,"herbal, citrus, terpene",Monoterpene Hydrocarbon,"antioxidant, feedant, etc",DCSE,1060,1059,NIST
Tetradecanoic acid,544-63-8,NA,11005,Tetradecanoic acid,NA,NA,"coconut, soapy, waxy",Acid,antioxidant,39-40min,1759,1775,NIST
trans-?-Bergamotene,13474-59-4,NA,NA,trans-α-Bergamotene,trans-$\alpha$-bergamotene,NA,"woody, warm, tea",Monoterpene Hydrocarbon,NA,NA,NA,1433,NIST
trans-Linalool oxide (furanoid),5989-33-3,BRHDDEIRQPDPMG-UHFFFAOYSA-N,NA,trans-Linalool oxide (furanoid),NA,NA,"earthy, floral, sweet, woody",NA,NA,NA,NA,1075,NIST
Vanillin,121-33-5,MWOOGOJBHIARFG-UHFFFAOYSA-N,1183,Vanillin,NA,"24.32 4-Hydroxy-3-methoxybenzaldehyde
",vanilla,Cyclic Aldehyde,"anticancer, mutagenic, etc",37-38min,1403,1399,NIST
.tau.-Cadinol,5937-11-1,HWXJDLBJPSCNJL-UHFFFAOYSA-N,NA,τ-Cadinol,$\tau$-Cadinol,NA,NA,NA,NA,NA,NA,1635,NIST
1 (DCSE),NA,NA,NA,NA,NA,NA,NA,NA,NA,NA,NA,NA,NA
1-(4-tert-Butylphenyl)propan-2-one,81561-77-5,HSNJERRVXUNQLS-UHFFFAOYSA-N,NA,1-(4-tert-Butylphenyl)propan-2-one,NA,NA,NA,NA,NA,NA,NA,NA,NA
"1-Octanol, 3,7-dimethyl-",106-21-8,NA,NA,Dihydro-citronellol,NA,NA,"waxy, soapy, aldehydic, leathery, musty, citrus, green",NA,NA,NA,NA,NA,NA
"1,1'-Biphenyl, 3,4-diethyl-",61141-66-0,NA,43551,"3,4-Diethylbiphenyl",NA,NA,NA,Hydrocarbon,NA,32-33min,NA,1692,NIST
"1,2,3-Trimethylbenzene",526-73-8,FYGHSUNMUKGBRK-UHFFFAOYSA-N,NA,"1,2,3-Trimethylbenzene",NA,NA,NA,NA,NA,NA,NA,NA,NA
"1,2,4-Trimethylbenzene",95-63-6,GWHJZXXIDMPWGX-UHFFFAOYSA-N,7247,"1,2,4-Trimethylbenzene",NA,NA,plastic,Hydrocarbon,NA,11-12min,NA,989,NIST
"1,4-DIacetylbenzene",1009-61-6,SKBBQSLSGRSQAJ-UHFFFAOYSA-N,NA,"1,4-Diacetylbenzene",NA,NA,NA,NA,NA,NA,NA,NA,NA
"1,4-Dimethylnaphthalene",571-58-4,APQSQLNWAIULLK-UHFFFAOYSA-N,NA,"1,4-Dimethylnaphthalene",NA,NA,"moldy, resinous",NA,NA,NA,NA,NA,NA
"10,18-Bisnorabieta-8,11,13-triene",32624-67-2,NA,NA,"10,18-Bisnorabieta-8,11,13-triene",NA,NA,NA,Hydrocarbon,NA,NA,NA,NA,NA
101,NA,NA,NA,NA,NA,NA,NA,NA,NA,19-20min,NA,NA,NA
102,NA,NA,NA,NA,NA,NA,NA,NA,NA,NA,NA,NA,NA
103,NA,NA,NA,NA,NA,NA,NA,NA,NA,NA,NA,NA,NA
107,NA,NA,NA,NA,NA,NA,NA,NA,NA,NA,NA,NA,NA
11 (DCSE),NA,NA,NA,NA,NA,NA,NA,NA,NA,NA,NA,NA,NA
115,NA,NA,NA,NA,NA,NA,NA,NA,NA,NA,NA,NA,NA
117,NA,NA,NA,NA,NA,NA,NA,NA,NA,20-21min,NA,NA,NA
118,NA,NA,NA,NA,NA,NA,NA,NA,NA,NA,NA,NA,NA
120,NA,NA,NA,NA,NA,NA,NA,NA,NA,NA,NA,NA,NA
127,NA,NA,NA,NA,NA,NA,NA,NA,NA,NA,NA,NA,NA
145,NA,NA,NA,NA,NA,NA,NA,NA,NA,23-24min,NA,NA,NA
148,NA,NA,NA,NA,NA,NA,NA,NA,NA,NA,NA,NA,NA
149,NA,NA,NA,NA,NA,NA,NA,NA,NA,NA,NA,NA,NA
158,NA,NA,NA,NA,NA,NA,NA,NA,NA,NA,NA,NA,NA
164,NA,NA,NA,NA,NA,NA,NA,NA,NA,NA,NA,NA,NA
17,NA,NA,NA,NA,NA,NA,NA,NA,NA,NA,NA,NA,NA
17 (DCSE),NA,NA,NA,NA,NA,NA,NA,NA,NA,NA,NA,NA,NA
173,NA,NA,NA,NA,NA,NA,NA,NA,NA,30-31min,NA,NA,NA
176,NA,NA,NA,NA,NA,NA,NA,NA,NA,30-31min,NA,NA,NA
179,NA,NA,NA,NA,NA,NA,NA,NA,NA,NA,NA,NA,NA
18 (DCSE),NA,NA,NA,NA,NA,NA,NA,NA,NA,NA,NA,NA,NA
184,NA,NA,NA,NA,NA,NA,NA,NA,NA,31-32min,NA,NA,NA
19 (DCSE),NA,NA,NA,NA,NA,NA,NA,NA,NA,NA,NA,NA,NA
191,NA,NA,NA,NA,NA,NA,NA,NA,NA,NA,NA,NA,NA
194,NA,NA,NA,NA,NA,NA,NA,NA,NA,NA,NA,NA,NA
199,NA,NA,NA,NA,NA,NA,NA,NA,NA,NA,NA,NA,NA
2 (DCSE),NA,NA,NA,NA,NA,NA,NA,NA,NA,NA,NA,NA,NA
2-Acetylfuran,1192-62-7,IEMMBWWQXVXBEU-UHFFFAOYSA-N,NA,2-Acetylfuran,NA,NA,"sweet, nutty, almond, cocoa, caramel, coffee",NA,NA,NA,NA,910,NIST
"2-Butenal, 3-methyl-",107-86-8,SEPQTYODOKLVSB-UHFFFAOYSA-N,NA,3-Methyl-2-butenal,NA,NA,"sweet, fruity, pungent, nutty, almond, cherry",NA,NA,NA,NA,NA,NA
2-Cyclohexen-1-ol,822-67-3,PQANGXXSEABURG-UHFFFAOYSA-N,NA,2-Cyclohexen-1-ol,NA,NA,NA,NA,NA,NA,NA,NA,NA
2-Cyclopenten-1-one,930-30-3,BZKFMUIJRXWWQK-UHFFFAOYSA-N,13588,Cyclopentenone,NA,NA,NA,Cyclic Ketone,NA,13-14min,NA,802,NIST
"2-Heptanone, 4-methyl-",6137-06-0,BIFPSSTVLFHHEI-UHFFFAOYSA-N,NA,4-Methyl-2-heptanone,NA,NA,NA,NA,NA,NA,NA,NA,NA
"2-Heptanone, 4,6-dimethyl-",19549-80-5,YXFDTUKUWNQPFV-UHFFFAOYSA-N,NA,"4,6-Dimethylheptan-2-one",NA,NA,NA,NA,NA,NA,NA,NA,NA
"2-Heptanone, 6-methyl-",928-68-7,DPLGXGDPPMLJHN-UHFFFAOYSA-N,13572,6-Methyl-2-heptanone,NA,NA,camphoreous,Aliphatic Ketone,NA,10-11min,NA,954,NIST
2-Hexanone,591-78-6,QQZOPKMRPOGIEB-UHFFFAOYSA-N,NA,2-Hexanone,NA,NA,"fruity, fungal, meaty, buttery",NA,NA,NA,NA,NA,NA
2-Methyl-1-undecanol,10522-26-6,FGZXHVORLPLICA-UHFFFAOYSA-N,66341,2-Methyl-1-undecanol,NA,NA,"balsamic, must, spice",Aliphatic alcohol,NA,NA,NA,NA,NA
2-Octanone,111-13-7,ZPVFWPFBNIEHGJ-UHFFFAOYSA-N,8093,2-Octanone,NA,NA,"earthy, herbal, woody, soapy",Aliphatic Ketone,NA,11-12min,989,992,NIST
"2-Octen-1-ol, (E)-",18409-17-1,AYQPVPFZWIQERS-VOTSOKGWSA-N,5318599,(E)-2-Octen-1-ol,($\mathit{E}$)-2-Octen-1-ol,NA,"citrus, green, plastic, soap",Aliphatic alcohol,NA,19-20min,1068,1069,NIST
"2-Propenoic acid, butyl ester",141-32-2,CQEYYJKEWSMYFG-UHFFFAOYSA-N,8846,Butyl acrylate,NA,Butyl acrylate,NA,Aliphatic ester,NA,8-9 min,NA,902,NIST
"2-Pyrrolidinone, 1-methyl-",872-50-4,SECXISVLQFMRJM-UHFFFAOYSA-N,13387,1-Methylpyrrolidone,NA,NA,NA,Nitrogen,NA,21-22min,NA,1043,NIST
"2,4-Dimethyl-1-heptene",19549-87-2,ZGESSLXCFYCMLJ-UHFFFAOYSA-N,NA,"2,4-Dimethyl-1-heptene",NA,NA,NA,NA,NA,NA,NA,NA,NA
"2,5-Pyrrolidinedione, 1-ethyl-",2314-78-5,NA,NA,N-ethyl-Succinimide,NA,NA,NA,NA,NA,NA,NA,NA,NA
"2(5H)-Furanone, 5-ethyl-",2407-43-4,JBFHTYHTHYHCDJ-UHFFFAOYSA-N,12756,5-Ethyl-2(5H)-furanone,NA,NA,spice,Oxygenated Heterocycle,NA,NA,NA,NA,NA
20,NA,NA,NA,NA,NA,NA,NA,NA,NA,NA,NA,NA,NA
201,NA,NA,NA,NA,NA,NA,NA,NA,NA,NA,NA,NA,NA
26,NA,NA,NA,NA,NA,NA,NA,NA,NA,NA,NA,NA,NA
266,NA,NA,NA,NA,NA,NA,NA,NA,NA,NA,NA,NA,NA
29.22 Tridecanal,10486-19-8,BGEHHAVMRVXCGR-UHFFFAOYSA-N,25311,n-Tridecanal,NA,NA,"floral, sweet, musty",Aliphatic Aldehyde,NA,NA,NA,1510,NIST
3 (DCSE),NA,NA,NA,NA,NA,NA,NA,NA,NA,NA,NA,NA,NA
3-Furaldehyde,498-60-2,AZVSIHIBYRHSLB-UHFFFAOYSA-N,NA,3-Furaldehyde,NA,NA,NA,NA,NA,NA,NA,NA,NA
3-Heptanone,106-35-4,NGAZZOYFWWSOGK-UHFFFAOYSA-N,7802,3-Heptanone,NA,NA,"fatty, fruity, green",Aliphatic Ketone,NA,8-9 min,886,NA,NA
3-Methyl-2(5H)-furanone,22122-36-7,VGHBEMPMIVEGJP-UHFFFAOYSA-N,30945,3-Methyl-2(5H)-furanone,NA,NA,NA,Oxygenated Heterocycle,NA,NA,NA,NA,NA
3-Methylacetophenone,585-74-0,BAYUSCHCCGXLAY-UHFFFAOYSA-N,NA,3-Methoxyacetophenone,NA,NA,NA,NA,NA,NA,NA,NA,NA
"3-Pentanone, 2,4-dimethyl-",565-80-0,HXVNBWAKAOHACI-UHFFFAOYSA-N,11271,Isobutyrone,NA,NA,acetone-like,Aliphatic ketone,NA,5-6 min,NA,794,NIST
"3,5-di-tert-Butyl-4-hydroxybenzaldehyde",1620-98-0,DOZRDZLFLOODMB-UHFFFAOYSA-N,NA,"3,5-Di-tert-butyl-4-hydroxybenzaldehyde",NA,NA,NA,NA,NA,NA,NA,NA,NA
36,NA,NA,NA,NA,NA,NA,NA,NA,NA,NA,NA,NA,NA
37,NA,NA,NA,NA,NA,NA,NA,NA,NA,NA,NA,NA,NA
4-Methylbiphenyl,644-08-6,ZZLCFHIKESPLTH-UHFFFAOYSA-N,NA,4-Methylbiphenyl,NA,NA,"floral, spicy, wintergreen, anise, waxy, mint",NA,NA,NA,NA,NA,NA
40,NA,NA,NA,NA,NA,NA,NA,NA,NA,10-11min,NA,NA,NA
44,NA,NA,NA,NA,NA,NA,NA,NA,NA,NA,NA,NA,NA
5 (DCSE),NA,NA,NA,NA,NA,NA,NA,NA,NA,NA,NA,NA,NA
5-Hydroxymethylfurfural,67-47-0,NOEGNKMFWQHSLB-UHFFFAOYSA-N,237332,5-Hydroxymethylfurfural,NA,NA,"caramel, cardboard, musty",Oxygenated heterocycle,NA,36-37min,NA,1230,NIST
"5,9-Undecadien-2-one, 6,10-dimethyl-, (E)-",3796-70-1,HNZUNIKWNYHEJJ-FMIVXFBMSA-N,1549778,Geranylacetone,NA,NA,"fresh, green, fruity, waxy, rose, woody, magnolia, tropical",Monoterpene Hydrocarbon,NA,NA,NA,1452,NIST
57,NA,NA,NA,NA,NA,NA,NA,NA,NA,13-14min,NA,NA,NA
58,NA,NA,NA,NA,NA,NA,NA,NA,NA,NA,NA,NA,NA
60,NA,NA,NA,NA,NA,NA,NA,NA,NA,13-14min,NA,NA,NA
62,NA,NA,NA,NA,NA,NA,NA,NA,NA,14-15min,NA,NA,NA
68,NA,NA,NA,NA,NA,NA,NA,NA,NA,NA,NA,NA,NA
69,NA,NA,NA,NA,NA,NA,NA,NA,NA,NA,NA,NA,NA
7 (DCSE),NA,NA,NA,NA,NA,NA,NA,NA,NA,NA,NA,NA,NA
70,NA,NA,NA,NA,NA,NA,NA,NA,NA,15-16min,NA,NA,NA
74,NA,NA,NA,NA,NA,NA,NA,NA,NA,NA,NA,NA,NA
75,NA,NA,NA,NA,NA,NA,NA,NA,NA,NA,NA,NA,NA
76,NA,NA,NA,NA,NA,NA,NA,NA,NA,NA,NA,NA,NA
79,NA,NA,NA,NA,NA,NA,NA,NA,NA,16-17min,NA,NA,NA
83,NA,NA,NA,NA,NA,NA,NA,NA,NA,NA,NA,NA,NA
84,NA,NA,NA,NA,NA,NA,NA,NA,NA,NA,NA,NA,NA
86,NA,NA,NA,NA,NA,NA,NA,NA,NA,NA,NA,NA,NA
94,NA,NA,NA,NA,NA,NA,NA,NA,NA,NA,NA,NA,NA
96,NA,NA,NA,NA,NA,NA,NA,NA,NA,18-19min,NA,NA,NA
Acetylpyrrole<2->,1072-83-9,IGJQUJNPMOYEJY-UHFFFAOYSA-N,NA,2-Acetylpyrrole,NA,NA,"nutty, walnut, bread",NA,NA,NA,NA,1065,NIST
alpha-cyclocitral,432-24-6,ZVZRJSHOOULAGB-UHFFFAOYSA-N,NA,α-Cyclocitral,$\alpha$-Cyclocitral,NA,NA,NA,NA,NA,NA,1122.9,NIST
alpha-Muurolol,19435-97-3,LHYHMMRYTDARSZ-UHFFFAOYSA-N,NA,δ-Cadinol,$\delta$-Cadinol,NA,"herbal, honey",NA,NA,NA,NA,1640,NIST
alpha-Terpineol,98-55-5,WUOACPNHFRMFPN-UHFFFAOYSA-N,NA,α-Terpineol,$\alpha$-Terpineol,NA,"pine, terpene, lilac, citrus, woody, floral",NA,NA,NA,NA,1189,NIST
Amorphene<alpha->,20085-19-2,NA,NA,α-Amorphene,$\alpha$-Amorphene,NA,NA,NA,NA,NA,NA,1483,NIST
Anthracene,120-12-7,MWPLVEDNUUSJAV-UHFFFAOYSA-N,8418,Anthracene,NA,NA,NA,Hydrocarbon,NA,40-41min,NA,1775,NIST
"Benzaldehyde, 4-ethoxy-",10031-82-0,JRHHJNMASOIRDS-UHFFFAOYSA-N,NA,4-Ethoxybenzaldehyde,NA,NA,"sweet, spicy, floral, anistic",NA,NA,NA,NA,NA,NA
"Benzaldehyde, 4-methyl-",104-87-0,FXLOVSHXALFLKQ-UHFFFAOYSA-N,NA,p-Tolualdehyde,$p$-Tolualdehyde,NA,"fruity, cherry, phenolic",NA,NA,NA,NA,1079,NIST
"Benzenamine, 3-methyl-",108-44-1,JJYPMNFTHPTTDI-UHFFFAOYSA-N,7934,m-Toluidine,$m$-Toluidine,m-Toluidine,NA,Nitrogen,NA,24-25min,NA,1075,NIST
"Benzene, 1-ethyl-4-methyl-",622-96-8,JRLPEMVDPFPYPJ-UHFFFAOYSA-N,NA,p-Ethyltoluene,$p$-Ethyltoluene,NA,NA,NA,NA,NA,NA,NA,NA
"Benzene, 1,2,3,5-tetramethyl-",527-53-7,BFIMMTCNYPIMRN-UHFFFAOYSA-N,NA,Isodurene,NA,NA,NA,NA,NA,NA,NA,NA,NA
"Benzene, 1,3,5-trimethyl-",108-67-8,AUHZEENZYGFFBQ-UHFFFAOYSA-N,NA,Mesitylene,NA,NA,NA,NA,NA,NA,NA,975,NIST
"Benzene, 2-ethyl-1,4-dimethyl-",1758-88-9,AXIUBBVSOWPLDA-UHFFFAOYSA-N,NA,2-Ethyl-p-xylene,2-Ethyl-$p$-xylene,NA,NA,NA,NA,NA,NA,NA,NA
"Benzene, 2-methoxy-4-methyl-1-(1-methylethyl)-",1076-56-8,LSQXNMXDFRRDSJ-UHFFFAOYSA-N,NA,2-Isopropyl-5-methyl-anisole,NA,NA,"woody, smoky, burnt",NA,NA,NA,NA,1234,NIST
Benzenecarboxylic acid,65-85-0,WPYMKLBDIGXBTP-UHFFFAOYSA-N,20144841,Benzoic acid,NA,Benzoic acid,"balsam, faint, urine",Acid,"antibacterial, antipyretic, antiseptic, expectorant",36-37min,NA,1162,NIST
"Benzenemethanol, ?,?-dimethyl-",617-94-7,BDCFWIDZNLCTMF-UHFFFAOYSA-N,12053,"α,α-Dimethylbenzyl alcohol","$\alpha$,$\alpha$-Dimethylbenzyl alcohol",NA,"green, sweet, earthy",Cyclic alcohol,NA,NA,NA,NA,NA
"Benzofuran, 2,3-dihydro-",496-16-2,IANQTJSKSUMEQM-UHFFFAOYSA-N,9223,Coumaran,NA,NA,NA,Oxygenated Heterocycle,NA,34-35min,NA,1219,NIST
"Benzoic acid, 2-ethylhexyl ester",5444-75-7,UADWUILHKRXHMM-UHFFFAOYSA-N,94310,2-Ethylhexyl benzoate,NA,2-Ethylhexyl benzoate,"mild, ethereal",Ester,NA,DCSE,NA,NA,NA
"Benzoic acid, 4-ethoxy-, ethyl ester",23676-09-7,NA,NA,Ethyl 4-ethoxybenzoate,NA,NA,NA,NA,NA,NA,NA,1537,NIST
Benzophenone,119-61-9,RWCCWEUUXYIKHB-UHFFFAOYSA-N,3102,Benzophenone,NA,NA,"fruity, metallic",Cyclic Ketone,NA,36-37min,NA,1626,Adams
Benzyl acetate,140-11-4,QUKGYYKBILRGFE-UHFFFAOYSA-N,NA,Benzyl acetate,NA,NA,"sweet, floral, fruity, jasmine, fresh",NA,NA,NA,NA,1165,NIST
Benzyl Benzoate,120-51-4,SESFRYSPDFLNCH-UHFFFAOYSA-N,2345,Benzyl benzoate,NA,NA,"sweet, balsam, oliy, herbal",Cyclic ester,NA,NA,NA,1762,NIST
Bergamal,106-72-9,YGFGZTXGYTUXBA-UHFFFAOYSA-N,61016,Bergamal,NA,2.6-dimethyl-5-heptenal/Melonal,"floral, fruity, sweet",Oxygenated Monoterpene,NA,DCSE,1053,NA,NA
"Bicyclo[3.1.1]heptan-2-one, 6,6-dimethyl-",24903-95-5,XZFDKWMYCUEKSS-UHFFFAOYSA-N,32735,Nopinone,NA,NA,NA,Oxygenated Monoterpene,NA,NA,NA,1120,NIST
"Bicyclo[3.1.1]heptan-3-one, 2,6,6-trimethyl-, (1-alpha,2-alpha,5-alpha)-",547-60-4,MQPHVIPKLRXGDJ-UHFFFAOYSA-N,NA,trans-Pinocamphone,NA,NA,spicy,NA,NA,NA,NA,1163,NIST
"Bicyclo[3.1.1]heptan-3-one, 2,6,6-trimethyl-, (1-alpha,2-beta,5-alpha)",15358-88-0,MQPHVIPKLRXGDJ-UHFFFAOYSA-N,11038,cis-Pinocamphone,NA,NA,NA,Oxygenated Monoterpene,NA,NA,NA,1172,NIST
Biphenyl,92-52-4,ZUOUZKKEUPVFJK-UHFFFAOYSA-N,NA,Biphenyl,NA,NA,"pungent, rose, green, geranium",NA,NA,NA,NA,NA,NA
Borneol,507-70-0,DTGKSKDOIYIVQL-UHFFFAOYSA-N,NA,Borneol,NA,NA,"pine, woody, camphor, balsamic",NA,NA,NA,NA,1166,NIST
Bornylene,464-17-5,KUKRLSJNTMLPPK-UHFFFAOYSA-N,NA,Bornylene,NA,NA,NA,NA,NA,NA,NA,NA,NA
Butyl acetate,123-86-4,DKPFZGUDAPQIHT-UHFFFAOYSA-N,NA,Butyl acetate,NA,NA,"ethereal, solvent, fruity, banana, pear",NA,NA,NA,NA,812,NIST
"Butyl aldoxime, 3-methyl-, anti",5775-74-6,JAUPRNSQRRCCRR-GQCTYLIASA-N,NA,3-methyl-anti-butyl-aldoxime,NA,NA,NA,NA,NA,NA,NA,NA,NA
"Butyl aldoxime, 3-methyl-, syn-",5780-40-5,JAUPRNSQRRCCRR-XQRVVYSFSA-N,NA,3-methyl-syn-butyl-aldoxime,NA,Not sure if syn/anti is exactly the same as cis/trans,NA,NA,NA,NA,NA,NA,NA
Butyl butanoate,109-21-7,XUPYJHCZDLZNFP-UHFFFAOYSA-N,NA,n-Butyl butyrate,NA,NA,"fruity, banana, pineapple, green, cherry, tropical",NA,NA,NA,NA,994,NIST
Butyl propanoate,590-01-2,BTMVHUNTONAYDX-UHFFFAOYSA-N,NA,n-Butyl propanoate,NA,NA,"earthy, sweet, weak rose",NA,NA,NA,NA,910,NIST
Cadalene,483-78-3,VMOJIHDTVZTGDO-UHFFFAOYSA-N,10225,Cadalene,NA,NA,NA,Sesquiterpene Hydrocarbon,NA,DCSE,NA,1678,Adams
Cadinene<gamma->,39029-41-9,YGPSJZOEDVAXAB-QMMMGPOBSA-N,NA,ɣ-Cadinene,$\gamma$-Cadinene,NA,woody,NA,NA,NA,NA,1511,NIST
Cadinol<alpha->,481-34-5,LHYHMMRYTDARSZ-BYNSBNAKSA-N,NA,α-Cadinol,$\alpha$-Cadinol,NA,"herbal, woody",NA,NA,NA,NA,1653,NIST
Calacorene<alpha->,21391-99-1,NA,NA,α-Calacorene,$\alpha$-Calacorene,NA,woody,NA,NA,NA,NA,1540,NIST
Calamenene<cis->,72937-55-4,NA,NA,cis-Calamenene,NA,NA,NA,NA,NA,NA,NA,NA,NA
Camphor,464-48-2,DSSYKIVIOFKYAU-UHFFFAOYSA-N,2537,Camphor,NA,"1,7,7-Trimethylbicyclo[2.2.1]heptan-2-one","camphor, herbal, medicinal, minty",Oxygenated Monoterpene,"analgesic, anti-acne, -spetic, cancer preventative, decongestant, fungicide, herbicide, inspect repellant, pesticide",17-18min,1145,NA,NA
Caprolactam,105-60-2,JBKVHLHDHHXQEQ-UHFFFAOYSA-N,NA,Caprolactam,NA,NA,spicy,NA,NA,NA,NA,NA,NA
Carene<delta-3->,13466-78-9,NA,NA,δ-3-Carene,$\delta$-3-Carene,NA,"sweet, citrus, terpenic, fir needle",NA,NA,NA,NA,1009,NIST
"Carvacrol, methyl ether",6379-73-3,YVLHTQPPMZOCOW-UHFFFAOYSA-N,NA,Carvacryl methyl ether,NA,NA,"herbal, spicy, leafy, citrus",NA,NA,NA,NA,1244,NIST
Carvone,2244-16-8,ULDHMXUKGWMISQ-UHFFFAOYSA-N,7439,Carvone,NA,NA,"anise, mint, caraway",Oxygenated Monoterpene,"antiseptic, cancer preventitve",22-23min,1245,NA,NA
Caryophyllene<E->,118-65-0,NPNUFJAVOOONJE-FLFDDASRSA-N,NA,(E)-Caryopyllene,$(E)$-Caryophyllene,NA,"woody, spicy",NA,NA,NA,NA,1404,NIST
Cedr-8-ene,469-61-4,IRAQOCYXUMOFCW-UHFFFAOYSA-N,NA,Cedrene,NA,NA,"woody, cedar, sweet, fresh",NA,NA,NA,NA,1406,NIST
Cedrol,77-53-2,SVURIXNDRWRAFU-UHFFFAOYSA-N,NA,Cedrol,NA,NA,"cedar, woody, sweet",NA,NA,NA,NA,1605.8,NIST
Coumarin,91-64-5,ZYGHJZDHTFUPRJ-UHFFFAOYSA-N,NA,Coumarin,NA,NA,"green, sweet",NA,NA,NA,NA,1432,NIST
Cresol<para->,106-44-5,IWDCLRJOBJJRNH-UHFFFAOYSA-N,NA,p-Cresol,$p$-Cresol,NA,"medicinal, phenolic, smoky",NA,NA,NA,NA,1085,NIST
Cumene,98-82-8,RWGFKTVRMDUZSP-UHFFFAOYSA-N,NA,Cumene,NA,NA,NA,NA,NA,NA,NA,NA,NA
Cuminaldehyde,122-03-2,WTWBUQJHJGUZCY-UHFFFAOYSA-N,NA,Cuminaldehyde,NA,NA,"spicy, cumin, green, herbal",NA,NA,NA,NA,1239,NIST
Cyclohexanone,108-94-1,JHIVVAPYMSGYDF-UHFFFAOYSA-N,7967,Cyclohexanone,NA,NA,"acetone, minty",Cyclic Ketone,NA,12-13min,892,895,NIST
"Cyclopentanone, 2-methyl-",1120-72-5,ZIXLDMFVRPABBX-UHFFFAOYSA-N,NA,2-Methyl-cyclopentanone,NA,NA,NA,NA,NA,NA,NA,NA,NA
Cymene<para->,527-84-4,WWRCMNKATXZARA-UHFFFAOYSA-N,10703,p-Cymene,$\mathit{p}$-Cymene,NA,"citrus, terpene, woody",Monoterpene Hydrocarbon,"analgesic, Antibacterial, antiviral",NA,NA,1026,NIST
Cymenene<para->,1195-32-0,MMSLOZQEMPDGPI-UHFFFAOYSA-N,62385,p-Cymenene,$\mathit{p}$-Cymenene,"p,Œ±-Dimethylstyrene","phenolic, spicy, styrene, clove, musty",Hydrocarbon,NA,DCSE,NA,1089,Adams
Decanal,112-31-2,KSMVZQYAVGTKIV-UHFFFAOYSA-N,8175,Decanal,NA,15.83,"citrus, sweet, waxy",Aliphatic Aldehyde,NA,17-18min,1206,1204,NIST
"Decane, 2-methyl-",6975-98-0,CNPVJWYWYZMPDS-UHFFFAOYSA-N,NA,2-Methyldecane,NA,NA,NA,NA,NA,NA,NA,1076,NIST
"Decane, 4-methyl-",2847-72-5,DVWZNKLWPILULD-UHFFFAOYSA-N,NA,4-Methyldecane,NA,NA,NA,NA,NA,NA,NA,NA,NA
Decanone<2->,693-54-9,ZAJNGDIORYACQU-UHFFFAOYSA-N,12741,2-Decanone,NA,15.38,"fatty, orange, peach",Aliphatic Ketone,NA,17-18min,NA,1190,Adams
Diethyltoluamide,134-62-3,MMOXZBCLCQITDF-UHFFFAOYSA-N,NA,Diethyltoluamide (DEET),NA,NA,NA,NA,NA,NA,NA,NA,NA
Dihydroactinidiolide,17092-92-1,IMKHDCBNRDRUEB-UHFFFAOYSA-N,27209,Dihydroactinidiolide,NA,"4.4.7a-Trimethyl-5,6,7,7a-tetrahydro-4H-Benzofuran-2-one","red fruit, woody",Oxygenated Monoterpene,NA,34-35min,NA,1538,NIST
Dimethyl trisulfide,3658-80-8,YWHLKYXPLRWGSE-UHFFFAOYSA-N,NA,Dimethyl trisulfide,NA,NA,"sulfurous, cooked onion, savory, meaty",NA,NA,NA,NA,969,NIST
Dodecanal,112-54-9,HFJRKMMYBMWEAD-UHFFFAOYSA-N,8194,Dodecanal,NA,24.95 Lauric aldehyde,"citrus, floral, waxy, lilly",Aliphatic Aldehyde,NA,22-23min,1409,1405,NIST
Dodecanol<N->,112-53-8,LQZZUXJYWNFBMV-UHFFFAOYSA-N,8193,1-Dodecanol,NA,27.52,"waxy, fatty",Aliphatic Alcohol,NA,27-28min,1473,1460,NIST
Elemicin,487-11-6,BPLQKQKXWHCZSS-UHFFFAOYSA-N,NA,Elemicin,NA,NA,"spicy, floral",NA,NA,NA,NA,1559.6,NIST
"Ethanone, 1-(4-methylphenyl)-",122-00-9,GNKZMNRKLCTJAY-UHFFFAOYSA-N,NA,p-Methylacetophenone,$p$-Methylacetophenone,NA,"hawthorn, sweet mimosa, coumarin, cherry, almond, bitter",NA,NA,NA,NA,1183,NIST
Ethyl hexyl acetate<2->,103-09-3,YLYBTZIQSIBWLI-UHFFFAOYSA-N,NA,Octyl acetate,NA,NA,"earthy, herbal",NA,NA,NA,NA,NA,NA
Eucalyptol,470-82-6,WEEGYLXZBRQIMU-UHFFFAOYSA-N,2758,Eucalyptol,NA,"1,8-Cineole","eucalyptus, camphor, herbal",Oxygenated Monoterpene,"antiallergic, bacterial, bronchtic, inflammatory, septic, etc",9-10min,1032,1028,NIST
Eugenol,97-53-0,RRAFCDWBNXTKKO-UHFFFAOYSA-N,3314,Eugenol,NA,NA,"clove, honey, spciy, woody",Cyclic alcohol,"analgesic, antibacterial, -convulsant, etc",NA,NA,1358,NIST
Fenchol<endo->,14575-74-7,NA,NA,endo-Fenchol,NA,NA,camphor,NA,NA,NA,NA,1117,NIST
Fenchone,1195-79-5,LHXDLQBQYFFVNW-UHFFFAOYSA-N,NA,Fenchone,NA,NA,NA,NA,NA,NA,NA,NA,NA
Fluorene,86-73-7,NIHNNTQXNPWCJQ-UHFFFAOYSA-N,NA,Fluorene,NA,NA,NA,NA,NA,NA,NA,1583.4,NIST
"Formamide, N,N-diethyl-",617-84-5,SUAKHGWARZSWIH-UHFFFAOYSA-N,12051,"N,N-Diethylformamide",NA,NA,NA,Nitrogen,NA,15-16min,NA,NA,NA
gamm-Octanolactone,104-50-7,IPBFYZQJXZJBFQ-UHFFFAOYSA-N,NA,ɣ-Octalactone,$\gamma$-Octalactone,NA,"sweet, coconut, waxy, creamy, dairy",NA,NA,NA,NA,1260,NIST
gamma-Decanolactone,706-14-9,IFYYFLINQYPWGJ-UHFFFAOYSA-N,NA,ɣ-Decalactone,$\gamma$-Decalactone,NA,"fresh, oily, waxy, peach, coconut, buttery, sweet",NA,NA,NA,NA,1470,NIST
gamma-Nonalactone,104-61-0,OALYTRUKMRCXNH-UHFFFAOYSA-N,NA,ɣ-Nonalactone,$\gamma$-Nonalactone,NA,"coconut, creamy, waxy, sweet, buttery, oily",NA,NA,NA,NA,1360,NIST
gamma-Undecalatone,104-67-6,PHXATPHONSXBIL-UHFFFAOYSA-N,NA,ɣ-Undecalactone,$\gamma$-Undecalactone,NA,"fruity, peach, creamy, fatty, apricot, coconut",NA,NA,NA,NA,1573,NIST
gamma-Valerolactone,108-29-2,WRHZVMBBRYBTKZ-UHFFFAOYSA-N,NA,ɣ-Valerolactone,$\gamma$-Valerolactone,NA,"herbal, sweet, warm, tobacco, cocoa, woody",NA,NA,NA,NA,NA,NA
Geranial,5392-40-5,WTEVQBCEXWBHNA-JXMROGBWSA-N,638011,Citral,NA,NA,"citrus, lemon",Oxygenated monoterpene,"antibacterial, antiviral, antitumor",22-23min,1274,NA,NA
Geranic acid,459-80-3,ZHYZQXUYZJNEHD-VQHVLOKHSA-N,NA,Geranic acid,NA,NA,"dry, weedy, acidic, green, moldy, feet, woody",NA,NA,NA,NA,NA,NA
Geraniol,106-24-1,NA,NA,Geraniol,NA,NA,"sweet, floral, fruity, rose, waxy, citrus, geranium",NA,NA,NA,NA,1254,NIST
Geranyl formate,105-86-2,NA,NA,Geranyl formate,NA,NA,"fresh, rose, neroli, tea, rose, green",NA,NA,NA,NA,NA,NA
Geranylacetone,3879-26-3,HNZUNIKWNYHEJJ-XFXZXTDPSA-N,NA,Geranylacetone,NA,NA,"fatty, metalic",NA,NA,NA,NA,1445,NIST
Glycerin,56-81-5,PEDCQBHIVMGVHV-UHFFFAOYSA-N,NA,Glycerin,NA,NA,NA,NA,NA,NA,NA,NA,NA
Heptalactone<gamma->,105-21-5,VLSVVMPLPMNWBH-UHFFFAOYSA-N,NA,ɣ-Heptalactone,$\gamma$-Heptalactone,NA,"sweet, coconut, nutty, caramel, hay",NA,NA,NA,NA,NA,NA
"Heptane, 2,4-dimethyl-",2213-23-2,AUKVIBNBLXQNIZ-UHFFFAOYSA-N,16656,"2,4-Dimethylheptane",NA,NA,NA,HYdrocarbon,NA,DCSE,NA,824,NIST
"Heptane, 3-methylene-",1632-16-2,XTVRLCUJHGUXCP-UHFFFAOYSA-N,NA,2-Ethylhexene,NA,NA,NA,NA,NA,NA,NA,NA,NA
Heptanol<N->,111-70-6,BBMCTIGTTCKYKF-UHFFFAOYSA-N,8129,1-Heptanol,NA,6.63,"herbal, fruity, floral",Aliphatic alcohol,NA,16-17min,970,969,NIST
Heptanone<2->,110-43-0,CATSNJVOTSVZJV-UHFFFAOYSA-N,8051,2-Heptanone,NA,4.74,"fruity, sweet, waxy",Aliphatic Ketone,NA,9-10min,891,894,NIST
Hexenol<2Z->,928-94-9,NA,NA,(Z)-2-Hexenol,$(Z)$-2-Hexenol,NA,"leaf, green, wine, fruit",NA,NA,NA,NA,NA,NA
Hexenyl benzoate<2E->,76841-70-8,QFJRHTWDJOIOBT-UHFFFAOYSA-N,NA,(2E)-Hexenyl benzoate,$(2E)$-Hexenyl benzoate,NA,NA,NA,NA,NA,NA,NA,NA
Homomenthyl salicylate,52253-93-7,WSSJONWNBBTCMG-UHFFFAOYSA-N,8362,Homomenthyl salicylate,NA,NA,mild menthol,Ester,NA,NA,NA,NA,NA
Indene,95-13-6,YBYIRNPNPLQARY-UHFFFAOYSA-N,NA,Indene,NA,NA,NA,NA,NA,NA,NA,NA,NA
Isoborneol,464-45-9,DTGKSKDOIYIVQL-UHFFFAOYSA-N,NA,Isoborneol,NA,NA,"pine, woody, camphor",NA,NA,NA,NA,1152,NIST
Isoeugenol,5932-68-3,BJIOGJUNALELMI-ONEGZZNKSA-N,NA,Isoeugenol,NA,NA,"sweet, spicy, carnation, phenolic, floral",NA,NA,NA,NA,1449,NIST
Isopentyl acetate,123-92-2,MLFHJEHSLIIPHL-UHFFFAOYSA-N,31276,Isoamyl acetate,NA,Isoamyl acetate,"banana, pear",Ester,NA,DCSE,875,876,NIST
Isopropyl hexadecanoate,142-91-6,XUGNVMKQXJXZCD-UHFFFAOYSA-N,NA,Isopropyl hexadecanoate,NA,NA,oily,NA,NA,NA,NA,1999,NIST
Isopropyl tetradecanoate,110-27-0,AXISYYRBXTVTFY-UHFFFAOYSA-N,8042,Isopropyl tetradecanoate,NA,Isopropyl Myristate,"fatty, oily",Ester,NA,DCSE,1826,1823,NIST
Lavender Lactone,1073-11-6,QESPSAHXYXIGBG-UHFFFAOYSA-N,NA,Lavender lactone,NA,NA,"fruity, minty",NA,NA,NA,NA,1041,NIST
Limonene,138-86-3,NA,22311,Limonene,NA,NA,"lemon, orange",Monoterpene Hydrocarbon,"anti bacterial, cancer, etc",9-10min,1029,1027,NIST
Linalool acetate,115-95-7,UWKAYLJWKGQEPM-UHFFFAOYSA-N,8294,Linalool acetate,NA,Linalyl acetate,"citrus, green, sweet",Oxygenated Monoterpene,"antioxidant, microbial, etc",DCSE,1255,1251,NIST
Linalool oxide<trans->(pyranoid),41720-62-1,BCTBAGTXFYWYMW-UHFFFAOYSA-N,NA,Linalool oxide pyranoside,NA,NA,NA,NA,NA,NA,NA,NA,NA
Longifolene,475-20-7,PDSNLYSELAIEBU-UHFFFAOYSA-N,NA,Longifolene,NA,NA,"sweet, woody, rose, medical, fir needle",NA,NA,NA,NA,1412,NIST
Maltol,118-71-8,XPCTZQVDEJYUGT-UHFFFAOYSA-N,8369,Maltol,NA,3-hydroxy-2-methyl-4-pyrone,"roasted marshmallow, bread, caramel, fruit",Oxygenated heterocycle,"anticonvulsant, fatigue, oxidant",27-28min,1110,1133,NIST
Menthol,1490-04-6,NOOLISFMXDJSKH-KXUCPTDWSA-N,16666,Menthol,NA,NA,peppermint,Oxygenated Monoterpene,NA,NA,NA,NA,NA
Menthyl lactate,59259-38-0,UJNOLBSYLSYIBM-UHFFFAOYSA-N,NA,Menthyl lactate,NA,NA,mild cooling,NA,NA,NA,NA,NA,NA
Methenamine,100-97-0,VKYKSIONXSXAKP-UHFFFAOYSA-N,4101,Methenamine,NA,NA,NA,Nitrogen,NA,26-27min,NA,1220,NIST
Methyl anthranilate,134-20-3,VAMXMNNIEUEQDV-UHFFFAOYSA-N,NA,Methyl anthranilate,NA,NA,"fruity, grape, orange flower, neroli, honey",NA,NA,NA,NA,1373,NIST
Methyl benzoate,93-58-3,QPJVMBTYPHYUOC-UHFFFAOYSA-N,NA,Methyl benzoate,NA,NA,"prune, lettuce, herbal, sweet",NA,NA,NA,NA,1091,NIST
Methyl jasmonate,1211-29-6,GEWDNTWNSAZUDX-WQMVXFAESA-N,NA,Methyl jasmonate,NA,NA,jasmine,NA,NA,NA,NA,NA,NA
Methyl pyruvate,600-22-6,CWKLZLBVOJRSOM-UHFFFAOYSA-N,NA,Methyl pyruvate,NA,NA,NA,NA,NA,NA,NA,NA,NA
Methyl salicylate,119-36-8,OSWPMRLSEDHDFF-UHFFFAOYSA-N,4133,Methyl salicylate,NA,NA,wintergreen,Oxygenated heterocycle,"antiinflammatory, oxidant, septic",23-24min,1198,1193,NIST
Murrolol<epi-alpha-> (=tau-muurolol),19912-62-0,LHYHMMRYTDARSZ-AJNGGQMLSA-N,NA,τ-Muurolol,$\tau$-Muurolol,NA,"herbal, spicy, honey",NA,NA,NA,NA,1641,NIST
Naphthalene,91-20-3,UFWIBTONFRDIAS-UHFFFAOYSA-N,931,Naphthalene,NA,NA,"tar, mothballs",Hydrocarbon,NA,22-23min,NA,1186,Phys Chem
"Naphthalene, 1-methyl-",90-12-0,QPUYECUOLPXSFR-UHFFFAOYSA-N,7002,1-Methylnaphthalene,NA,NA,"camphor, medicinal",Hydrocarbon,NA,25-26min,1312,1299.1,NIST
"Naphthalene, 2-methyl-",91-57-6,QIMMUPPBPVKWKM-UHFFFAOYSA-N,7055,2-Methylnaphthalene,NA,NA,"sweet, floral, woody",Hydrocarbon,NA,24-25min,NA,1299,NIST
"Naphthalene, 2,6-dimethyl-",581-42-0,YGYNBBAUIYTWBF-UHFFFAOYSA-N,NA,"2,6-Dimethylnaphthalene",NA,NA,grass,NA,NA,NA,NA,NA,NA
Nerol,106-25-2,NA,NA,Nerol,NA,NA,sweet,NA,NA,NA,NA,1229,NIST
Nerolidol<E->,142-50-7,FQTLCLSUCSAZDY-SDNWHVSQSA-N,NA,Nerolidol,NA,NA,mild floral,NA,NA,NA,NA,1531,NIST
o-Xylene,95-47-6,CTQNGGLPUBDAKN-UHFFFAOYSA-N,7237,o-Xylene,$\mathit{o}$-Xylene,NA,geranium,Hydrocarbon,NA,9-10min,893,894,NIST
"Octane, 4-methyl-",2216-34-4,DOGIHOCMZJUJNR-UHFFFAOYSA-N,NA,4-Methyl-octane,NA,NA,NA,NA,NA,NA,NA,NA,NA
Octen-3-ol<1->,3391-86-4,VSMOENVRRABVKN-UHFFFAOYSA-N,18827,1-Octen-3-ol,NA,7.04,"earthy, green, vegetative, mushroom",Aliphatic Alcohol,NA,16-17min,978,984,NIST
p-Cymen-8-ol,1197-01-9,XLPDVYGDNRIQFV-UHFFFAOYSA-N,NA,p-Cymen-8-ol,$p$-Cymen-8-ol,NA,"citrus, musty",NA,NA,NA,NA,1183,NIST
"Pentanal, 2-methyl-",123-15-9,FTZILAQGHINQQR-UHFFFAOYSA-N,NA,2-Methylpentanal,NA,NA,"ethereal, fruity, green",NA,NA,NA,NA,NA,NA
"Pentanoic acid, 2-ethylhexyl ester",5451-87-6,ZTWCNFGTSPQNPG-UHFFFAOYSA-N,223704,2-Ethylhexyl valerate,NA,2-Ethylhexyl pentanoate,NA,Ester,NA,DCSE,NA,NA,NA
Pentenol<2Z->,1576-95-0,NA,NA,(2Z)-Pentenol,$(2Z)$-Pentenol,NA,"green, plastic, rubber",NA,NA,NA,NA,769,NIST
Phellandrene<alpha->,99-83-2,OGLDWXZKYODSOB-UHFFFAOYSA-N,NA,α-Phellandrene,$\alpha$-Phellandrene,NA,"turpentine, mint, spice",NA,NA,NA,NA,1003,NIST
"Phenol, 2-methoxy-",90-05-1,LHGVFZTZFXWLCP-UHFFFAOYSA-N,460,o-Guaiacol,$\mathit{o}$-Guaiacol,11.00 o-Guaicol,"medicinal, smoky, vanilla, woody",Cyclic alcohol,"anesthetic, antibacterial, antiseptic",25-26min,NA,1087,Adams
"Phenol, 2-methoxy-4-(1-propenyl)-",97-54-1,BJIOGJUNALELMI-ONEGZZNKSA-N,853433,Isoeugenol,NA,NA,"clove, floral, woody",Cyclic alcohol,NA,NA,NA,1436.3,NIST
"Phenol, 4-ethyl-2-methoxy-",2785-89-9,CHWNEIVBYREQRF-UHFFFAOYSA-N,62465,4-Ethylguaiacol,NA,4-Ethylguaicol,"clove, smoky, spicy",Alcohol,NA,DCSE,NA,1286,NIST
"Phenol<2,6-dimethoxy->",91-10-1,KLIDCXVFHGNTTM-UHFFFAOYSA-N,7041,Syringol,NA,22.24 Methoxyeugenol,"meaty, roasted, smokey, medicinal",Cyclic alcohol,NA,32-33min,NA,1346,Adams
Phenylethyl acetate,103-45-7,DULCUDSUACXJJC-UHFFFAOYSA-N,NA,Phenylethyl acetate,NA,NA,"rose, honey, tobacco",NA,NA,NA,NA,1245,NIST
Pinene<alpha->,80-56-8,GRWFGVWFFZKLTI-UHFFFAOYSA-N,6654,α-Pinene,$\alpha$-Pinene,NA,"camphor, earthy, pine",Monoterpene Hydrocarbon,"anti bacterial, viral, etc",DCSE,933,933,NIST
"Propanoic acid, 2-methyl-, 2,2-dimethyl-1-(2-hydroxy-1-methylethyl)propyl ester",74367-33-2,YXISVHDWGVMPGJ-UHFFFAOYSA-N,156477,"(1-hydroxy-2,4,4-trimethylpentan-3-yl) 2-methylpropanoate",NA,pretty name is IUPAC name,NA,Aliphatic ester,NA,25-26min,NA,1389,NIST
Pyrethrone,22610-79-3,GBEJULSURQZDNX-PLNGDYQASA-N,NA,Phenylethyl acetate,NA,NA,NA,NA,NA,NA,NA,NA,NA
Quinoline,91-22-5,LBUJPTNKIBCYBY-UHFFFAOYSA-N,NA,Quinoline,NA,NA,"medicinal, musty, tobacco, rubber, earthy",NA,NA,NA,NA,NA,NA
"Quinoline, 5-methyl-",7661-55-4,LMYVCXSKCQSIEQ-UHFFFAOYSA-N,NA,5-Methylquinoline,NA,NA,NA,NA,NA,NA,NA,NA,NA
Safrole,94-59-7,ZMQAAUBTXCXRIC-UHFFFAOYSA-N,NA,Safrole,NA,NA,"sweet, warm, spicy, woody, floral, sassafrass, anise",NA,NA,NA,NA,1291.4,NIST
Salicylate<2-ethylhexyl->,118-60-5,FMRHJJZUHUTGKE-UHFFFAOYSA-N,8364,2-Ethylhexyl-salicylate,NA,NA,"floral, sweet",Ester,NA,DCSE,1811,NA,NA
Styrene,100-42-5,PPBRXRYQALVLMV-UHFFFAOYSA-N,7501,Styrene,NA,NA,"balsamic, gasoline",Hydrocarbon,NA,NA,NA,895,NIST
Terpinen-4-ol,562-74-3,WRYLYDPHFGVWKC-UHFFFAOYSA-N,11230,4-Terpineol,NA,p-Menth-1-en-4-ol/4-Carvomenthol,"earthy, musty, woody, nutmeg",Oxygenated Monoterpene,"antiasthmatic, bacterial, etc",19-20min,1181,1175,NIST
Terpinene<alpha->,99-86-5,YHQGMYUVUMAZJR-UHFFFAOYSA-N,NA,α-Terpinene,$\alpha$-Terpinene,NA,"woody, lemon, herbal, citrus",NA,NA,NA,NA,1014,NIST
Terpinolene,586-62-9,MOYAFQVGZZPNRA-UHFFFAOYSA-N,NA,Terpinolene,NA,NA,"pine, plastic",NA,NA,NA,NA,1084,NIST
Tetradecanol<N->,112-72-1,AHISYUZBWDSPQL-UHFFFAOYSA-N,70737,Tetradecanol,NA,Myristyl alcohol,"coconut, fruity, waxy",Alcohol,NA,DCSE,NA,1676,NIST
Undecanal,112-44-7,KMPQYAYAQWNLME-UHFFFAOYSA-N,NA,Undecanal,NA,NA,"oily, pungent, sweet",NA,NA,NA,NA,1305,NIST
Undecanoic acid,112-37-8,ZDPHROOEEOARMN-UHFFFAOYSA-N,NA,n-Undecanoic acid,NA,NA,"waxy, creamy, cheese, fatty, coconut",NA,NA,NA,NA,1466.8,NIST
Viridene,83327-43-9,NA,91748880,Viridene,NA,"1,3-cyclohexadiene, 1-(2E)-2-pentenyl-",NA,Hydrocarbon,NA,DCSE,NA,1163,Adams
Z-Jasmone,488-10-8,NA,NA,(Z)-Jasmone,$(Z)$-Jasmone,NA,"woody, herbal, floral, spicy, jasmine, celery",NA,NA,NA,NA,1392,NIST